{
  "formatVersion": 1,
  "database": {
    "version": 103,
    "identityHash": "12d96fa79ea84c5cf75e13384343016b",
    "entities": [
      {
        "tableName": "accounts",
        "createSql": "CREATE TABLE IF NOT EXISTS `${TABLE_NAME}` (`name` TEXT NOT NULL, `color` INTEGER NOT NULL, `orderNum` REAL NOT NULL, `id` TEXT NOT NULL, PRIMARY KEY(`id`))",
        "fields": [
          {
            "fieldPath": "name",
            "columnName": "name",
            "affinity": "TEXT",
            "notNull": true
          },
          {
            "fieldPath": "color",
            "columnName": "color",
            "affinity": "INTEGER",
            "notNull": true
          },
          {
            "fieldPath": "orderNum",
            "columnName": "orderNum",
            "affinity": "REAL",
            "notNull": true
          },
          {
            "fieldPath": "id",
            "columnName": "id",
            "affinity": "TEXT",
            "notNull": true
          }
        ],
        "primaryKey": {
          "columnNames": [
            "id"
          ],
          "autoGenerate": false
        },
        "indices": [],
        "foreignKeys": []
      },
      {
        "tableName": "transactions",
        "createSql": "CREATE TABLE IF NOT EXISTS `${TABLE_NAME}` (`accountId` TEXT NOT NULL, `type` TEXT NOT NULL, `amount` REAL NOT NULL, `toAccountId` TEXT, `name` TEXT, `description` TEXT, `dateTime` INTEGER NOT NULL, `categoryId` TEXT, `dueDate` INTEGER, `attachmentUrl` TEXT, `id` TEXT NOT NULL, PRIMARY KEY(`id`))",
        "fields": [
          {
            "fieldPath": "accountId",
            "columnName": "accountId",
            "affinity": "TEXT",
            "notNull": true
          },
          {
            "fieldPath": "type",
            "columnName": "type",
            "affinity": "TEXT",
            "notNull": true
          },
          {
            "fieldPath": "amount",
            "columnName": "amount",
            "affinity": "REAL",
            "notNull": true
          },
          {
            "fieldPath": "toAccountId",
            "columnName": "toAccountId",
            "affinity": "TEXT",
            "notNull": false
          },
          {
            "fieldPath": "name",
            "columnName": "name",
            "affinity": "TEXT",
            "notNull": false
          },
          {
            "fieldPath": "description",
            "columnName": "description",
            "affinity": "TEXT",
            "notNull": false
          },
          {
            "fieldPath": "dateTime",
            "columnName": "dateTime",
            "affinity": "INTEGER",
            "notNull": true
          },
          {
            "fieldPath": "categoryId",
            "columnName": "categoryId",
            "affinity": "TEXT",
            "notNull": false
          },
          {
            "fieldPath": "dueDate",
            "columnName": "dueDate",
            "affinity": "INTEGER",
            "notNull": false
          },
          {
            "fieldPath": "attachmentUrl",
            "columnName": "attachmentUrl",
            "affinity": "TEXT",
            "notNull": false
          },
          {
            "fieldPath": "id",
            "columnName": "id",
            "affinity": "TEXT",
            "notNull": true
          }
        ],
        "primaryKey": {
          "columnNames": [
            "id"
          ],
          "autoGenerate": false
        },
        "indices": [],
        "foreignKeys": []
      },
      {
        "tableName": "categories",
        "createSql": "CREATE TABLE IF NOT EXISTS `${TABLE_NAME}` (`name` TEXT NOT NULL, `color` INTEGER NOT NULL, `orderNum` REAL NOT NULL, `id` TEXT NOT NULL, PRIMARY KEY(`id`))",
        "fields": [
          {
            "fieldPath": "name",
            "columnName": "name",
            "affinity": "TEXT",
            "notNull": true
          },
          {
            "fieldPath": "color",
            "columnName": "color",
            "affinity": "INTEGER",
            "notNull": true
          },
          {
            "fieldPath": "orderNum",
            "columnName": "orderNum",
            "affinity": "REAL",
            "notNull": true
          },
          {
            "fieldPath": "id",
            "columnName": "id",
            "affinity": "TEXT",
            "notNull": true
          }
        ],
        "primaryKey": {
          "columnNames": [
            "id"
          ],
          "autoGenerate": false
        },
        "indices": [],
        "foreignKeys": []
      },
      {
        "tableName": "wishlist_items",
        "createSql": "CREATE TABLE IF NOT EXISTS `${TABLE_NAME}` (`name` TEXT NOT NULL, `price` REAL NOT NULL, `categoryId` TEXT, `link` TEXT, `buyThisMonth` INTEGER NOT NULL, `boughtDate` INTEGER, `orderNum` REAL NOT NULL, `id` TEXT NOT NULL, PRIMARY KEY(`id`))",
        "fields": [
          {
            "fieldPath": "name",
            "columnName": "name",
            "affinity": "TEXT",
            "notNull": true
          },
          {
            "fieldPath": "price",
            "columnName": "price",
            "affinity": "REAL",
            "notNull": true
          },
          {
            "fieldPath": "categoryId",
            "columnName": "categoryId",
            "affinity": "TEXT",
            "notNull": false
          },
          {
            "fieldPath": "link",
            "columnName": "link",
            "affinity": "TEXT",
            "notNull": false
          },
          {
            "fieldPath": "buyThisMonth",
            "columnName": "buyThisMonth",
            "affinity": "INTEGER",
            "notNull": true
          },
          {
            "fieldPath": "boughtDate",
            "columnName": "boughtDate",
            "affinity": "INTEGER",
            "notNull": false
          },
          {
            "fieldPath": "orderNum",
            "columnName": "orderNum",
            "affinity": "REAL",
            "notNull": true
          },
          {
            "fieldPath": "id",
            "columnName": "id",
            "affinity": "TEXT",
            "notNull": true
          }
        ],
        "primaryKey": {
          "columnNames": [
            "id"
          ],
          "autoGenerate": false
        },
        "indices": [],
        "foreignKeys": []
      },
      {
        "tableName": "settings",
        "createSql": "CREATE TABLE IF NOT EXISTS `${TABLE_NAME}` (`theme` TEXT NOT NULL, `currency` TEXT NOT NULL, `bufferAmount` REAL NOT NULL, `name` TEXT NOT NULL, `id` TEXT NOT NULL, PRIMARY KEY(`id`))",
        "fields": [
          {
            "fieldPath": "theme",
            "columnName": "theme",
            "affinity": "TEXT",
            "notNull": true
          },
          {
            "fieldPath": "currency",
            "columnName": "currency",
            "affinity": "TEXT",
            "notNull": true
          },
          {
            "fieldPath": "bufferAmount",
            "columnName": "bufferAmount",
            "affinity": "REAL",
            "notNull": true
          },
          {
            "fieldPath": "name",
            "columnName": "name",
            "affinity": "TEXT",
            "notNull": true
          },
          {
            "fieldPath": "id",
            "columnName": "id",
            "affinity": "TEXT",
            "notNull": true
          }
        ],
        "primaryKey": {
          "columnNames": [
            "id"
          ],
          "autoGenerate": false
        },
        "indices": [],
        "foreignKeys": []
      }
    ],
    "views": [],
    "setupQueries": [
      "CREATE TABLE IF NOT EXISTS room_master_table (id INTEGER PRIMARY KEY,identity_hash TEXT)",
      "INSERT OR REPLACE INTO room_master_table (id,identity_hash) VALUES(42, '12d96fa79ea84c5cf75e13384343016b')"
    ]
  }
}