{
  "project_info": {
    "project_number": "364763737033",
    "firebase_url": "https://ivy-widget.firebaseio.com",
    "project_id": "ivy-widget",
    "storage_bucket": "ivy-widget.appspot.com"
  },
  "client": [
    {
      "client_info": {
        "mobilesdk_app_id": "1:364763737033:android:634d1eb97e9254b3bc5618",
        "android_client_info": {
          "package_name": "com.ivy.wallet"
        }
      },
      "oauth_client": [
        {
          "client_id": "364763737033-k9vbsfmeou12rscq134lclc7sbr0608e.apps.googleusercontent.com",
          "client_type": 1,
          "android_info": {
            "package_name": "com.ivy.wallet",
            "certificate_hash": "f9b8505c2740756c704f8782b6fc3ddcaaea3d80"
          }
        },
        {
          "client_id": "364763737033-t1d2qe7s0s8597k7anu3sb2nq79ot5tp.apps.googleusercontent.com",
          "client_type": 3
        }
      ],
      "api_key": [
        {
          "current_key": "AIzaSyB4FVF29Qu17MhHmf-55l7l7W09hiMQuJM"
        }
      ],
      "services": {
        "appinvite_service": {
          "other_platform_oauth_client": [
            {
              "client_id": "364763737033-8f0ta4r3t5cjmavkhmdnjcufpcg6ror6.apps.googleusercontent.com",
              "client_type": 3
            }
          ]
        }
      }
    },
    {
      "client_info": {
        "mobilesdk_app_id": "1:364763737033:android:7e379f986cb86320bc5618",
        "android_client_info": {
          "package_name": "com.ivy.wallet.debug"
        }
      },
      "oauth_client": [
        {
          "client_id": "364763737033-ktnhou2u7q3num6aj02jj0v11dnp5imi.apps.googleusercontent.com",
          "client_type": 1,
          "android_info": {
            "package_name": "com.ivy.wallet.debug",
            "certificate_hash": "962730459b106b8aa8fb225430deb6a97c559699"
          }
        },
        {
          "client_id": "364763737033-t1d2qe7s0s8597k7anu3sb2nq79ot5tp.apps.googleusercontent.com",
          "client_type": 3
        }
      ],
      "api_key": [
        {
          "current_key": "AIzaSyB4FVF29Qu17MhHmf-55l7l7W09hiMQuJM"
        }
      ],
      "services": {
        "appinvite_service": {
          "other_platform_oauth_client": [
            {
              "client_id": "364763737033-8f0ta4r3t5cjmavkhmdnjcufpcg6ror6.apps.googleusercontent.com",
              "client_type": 3
            }
          ]
        }
      }
    }
  ],
  "configuration_version": "1"
}